1001		Dipson Shrestha		DipsonShrestha@gmail.com
1002		Hemunga gautam		Hemungagautam@gmail.com
1003		Aryan Bimali		AryanBimali@gmail.com
1004		Prakash Shrestha		PrakashShrestha@gmail.com
1005		Bijay Gautam		BijayGautam@gmail.com
1006		Rabi Lamichaneh		RabiLamichaneh@gmail.com
3008		Pashuram		pashuram12@gmail.com
3010		3330		333
